쿼타랩(주),JOB,WEB,풀스택
쿼타랩(주),TECH,,SpringBoot
쿼타랩(주),TECH,,React
쿼타랩(주),TECH,,Docker
쿼타랩(주),TECH,,Java
쿼타랩(주),TECH,,CSS
쿼타랩(주),TECH,,Python
쿼타랩(주),TECH,,AWS
쿼타랩(주),TECH,,Kotlin
쿼타랩(주),TECH,,AWS RDS
쿼타랩(주),TECH,,Next.js
쿼타랩(주),TECH,,Redis
쿼타랩(주),TECH,,Django
(주)인프랩,TECH,,Postgresql
(주)인프랩,TECH,,MongoDB
(주)인프랩,TECH,,Go
(주)인프랩,JOB,WEB,DevOps
(주)인프랩,TECH,,Redis
(주)인프랩,JOB,WEB,DevOps
(주)인프랩,TECH,,CloudWatch
(주)인프랩,TECH,,DataDog
(주)인프랩,TECH,,Sentry
(주)인프랩,TECH,,Jenkins
(주)인프랩,TECH,,CircleCI
(주)인프랩,TECH,,GithubActions
(주)인프랩,TECH,,GoCD
(주)인프랩,JOB,WEB,프론트엔드
(주)인프랩,TECH,,React
(주)인프랩,TECH,,JavaScript
(주)인프랩,TECH,,TypeScript
(주)인프랩,TECH,,HTML
(주)인프랩,TECH,,CSS
(주)인프랩,TECH,,Git
(주)인프랩,TECH,,Github
(주)인프랩,JOB,WEB,서버 개발자
(주)인프랩,TECH,,SpringBoot
(주)인프랩,TECH,,Node.js
(주)인프랩,TECH,,TypeScript
(주)인프랩,TECH,,Java
(주)인프랩,TECH,,Postgresql
(주)인프랩,TECH,,MySQL
(주)인프랩,TECH,,Kotlin
(주)인프랩,TECH,,Linux
(주)인프랩,TECH,,Git
(주)인프랩,TECH,,Github
(주)인프랩,TECH,,EC2
(주)뤼튼테크놀로지스,JOB,WEB,서버 개발자
(주)뤼튼테크놀로지스,TECH,,Node.js
(주)뤼튼테크놀로지스,TECH,,JavaScript
(주)뤼튼테크놀로지스,TECH,,Express
(주)페이히어,JOB,WEB,서버 개발자
(주)페이히어,JOB,WEB,서버 개발자
(주)페이히어,TECH,,SpringBoot
(주)페이히어,JOB,WEB,서버 개발자
(주)휴비스,JOB,EMBEDDED,임베디드 프로그래밍
(주)휴비스,JOB,EMBEDDED,임베디드 시스템 프로그래밍
(주)휴비스,TECH,,CSS
(주)휴라,JOB,WEB,서버 개발자
(주)휴라,JOB,WEB,프론트엔드
(주)휴라,JOB,AI,인공지능 개발
(주)휴라,TECH,,C
(주)휴라,TECH,,Go
(주)프렌들리에이아이,JOB,WEB,서버 개발자
(주)프렌들리에이아이,JOB,WEB,프론트엔드
(주)프렌들리에이아이,TECH,,SpringBoot
(주)엔픽셀,JOB,GAME,게임 프론트
(주)엔픽셀,TECH,,C#
(주)엔픽셀,TECH,,Unity 엔진
(주)엔픽셀,JOB,GAME,게임 서버
(주)엔픽셀,TECH,,C#
(주)엔픽셀,TECH,,.NET
(주)파이퍼블릭,JOB,WEB,서버 개발자
(주)파이퍼블릭,JOB,AI,인공지능 개발
(주)파이퍼블릭,TECH,,React
(주)파이퍼블릭,TECH,,ReactNative
(주)파이퍼블릭,TECH,,Node.js
(주)파이퍼블릭,TECH,,TypeScript
(주)파이퍼블릭,TECH,,Python
(주)스퀴즈비츠,JOB,AI,인공지능 개발
(주)스퀴즈비츠,TECH,,React
(주)더피치,JOB,WEB,서버 개발자
(주)더피치,JOB,WEB,프론트엔드
(주)더피치,JOB,APP,Android
(주)더피치,TECH,,React
(주)더피치,TECH,,Java
(주)더피치,TECH,,Spring
(주)더피치,TECH,,Kotlin
(주)더피치,TECH,,minSDK
(주)더피치,TECH,,MariaDB
(주)더피치,TECH,,Apach Tomcat
(주)씨알에스큐브,JOB,WEB,서버 개발자
(주)씨알에스큐브,TECH,,SpringBoot
(주)씨알에스큐브,TECH,,Docker
(주)씨알에스큐브,TECH,,Java
(주)씨알에스큐브,TECH,,HTML
(주)씨알에스큐브,TECH,,CSS
(주)씨알에스큐브,TECH,,Spring
(주)씨알에스큐브,TECH,,AWS
(주)씨알에스큐브,TECH,,Terraform
(주)씨알에스큐브,JOB,WEB,서버 개발자
(주)트렌드헌터,JOB,WEB,프론트엔드
(주)트렌드헌터,TECH,,Node.js
하임시큐리티,JOB,SECURITY,보안
하임시큐리티,TECH,,CSS
하임시큐리티,JOB,SECURITY,보안
(주)오렌더,JOB,WEB,풀스택
(주)오렌더,TECH,,Python
(주)슈퍼블록,JOB,WEB,프론트엔드
(주)슈퍼블록,TECH,,React
(주)슈퍼블록,TECH,,ReactNative
(주)슈퍼블록,TECH,,JavaScript
(주)슈퍼블록,TECH,,TypeScript
(주)슈퍼블록,TECH,,HTML
(주)슈퍼블록,TECH,,CSS
(주)슈퍼블록,JOB,WEB,서버 개발자
(주)슈퍼블록,TECH,,Java
(주)슈퍼블록,TECH,,Spring
(주)슈퍼블록,TECH,,Postgresql
(주)슈퍼블록,TECH,,MySQL
(주)슈퍼블록,TECH,,MongoDB
(주)슈퍼블록,TECH,,AWS
(주)슈퍼블록,TECH,,Kotlin
(주)애드쉴드,JOB,WEB,서버 개발자
(주)애드쉴드,JOB,WEB,프론트엔드
(주)애드쉴드,TECH,,React
(주)애드쉴드,TECH,,TypeScript
(주)애드쉴드,TECH,,Go
(주)비하베스트,JOB,WEB,서버 개발자
(주)비하베스트,JOB,WEB,프론트엔드
(주)비하베스트,TECH,,React
(주)비하베스트,TECH,,Node.js
(주)비하베스트,TECH,,TypeScript
(주)비하베스트,TECH,,Docker
(주)비하베스트,TECH,,HTML
(주)비하베스트,TECH,,MySQL
(주)비하베스트,TECH,,AWS
(주)비하베스트,TECH,,Go
(주)비하베스트,TECH,,SCSS
(주)비하베스트,TECH,,Figma
(주)비하베스트,TECH,,AWS lambda
(주)비하베스트,TECH,,AWS RDS
(주)비하베스트,TECH,,Linux
(주)에르사츠,JOB,WEB,프론트엔드
(주)에르사츠,TECH,,HTML
(주)에르사츠,TECH,,CSS
(주)에르사츠,TECH,,JavaScript
(주)코르카,JOB,WEB,서버 개발자
(주)코르카,TECH,,TypeScript
(주)코르카,TECH,,Nest.js
(주)코르카,TECH,,Docker
(주)코르카,TECH,,Python
(주)코르카,TECH,,Django
(주)코르카,TECH,,Jest
(주)코르카,TECH,,Golang
(주)코르카,TECH,,gRPC
(주)코르카,TECH,,Pytest
(주)코르카,TECH,,docker-compose
(주)코르카,JOB,AI,인공지능 개발
(주)코르카,TECH,,Python
(주)코르카,TECH,,PyTorch
(주)코르카,JOB,WEB,서버 개발자
(주)코르카,TECH,,TypeScript
(주)코르카,TECH,,Nest.js
(주)코르카,TECH,,Docker
(주)코르카,TECH,,Python
(주)코르카,TECH,,Go
(주)코르카,TECH,,Django
(주)코르카,TECH,,Jest
(주)코르카,TECH,,gRPC
(주)코르카,TECH,,Pytest
(주)코르카,TECH,,docker-compose
(주)코르카,JOB,AI,인공지능 개발
(주)코르카,TECH,,Python
(주)코르카,TECH,,PyTorch
(주)컨택스츠아이오,JOB,WEB,서버 개발자
(주)컨택스츠아이오,JOB,AI,인공지능 개발
(주)컨택스츠아이오,JOB,AI,빅데이터 분석
(주)컨택스츠아이오,TECH,,AWS
(주)글림미디어그룹,JOB,WEB,서버 개발자
(주)글림미디어그룹,JOB,WEB,프론트엔드
(주)글림미디어그룹,TECH,,Nest.js
(주)제이솔루션,JOB,WEB,프론트엔드
(주)제이솔루션,TECH,,SpringBoot
(주)제이솔루션,TECH,,React
(주)제이솔루션,TECH,,JavaScript
(주)제이솔루션,TECH,,TypeScript
(주)제이솔루션,TECH,,HTML
(주)제이솔루션,TECH,,CSS
(주)제이솔루션,TECH,,MySQL
(주)씨앤테크,JOB,WEB,서버 개발자
(주)씨앤테크,JOB,WEB,프론트엔드
(주)씨앤테크,JOB,APP,Android
(주)씨앤테크,TECH,,Java
(주)디리아,JOB,WEB,서버 개발자
(주)디리아,JOB,WEB,프론트엔드
(주)디리아,JOB,WEB,서버 개발자
(주)디리아,JOB,WEB,프론트엔드
(주)디리아,TECH,,JavaScript
(주)디리아,TECH,,Java
(주)디리아,TECH,,HTML
(주)디리아,TECH,,CSS
(주)디리아,JOB,WEB,서버 개발자
(주)디리아,JOB,WEB,프론트엔드
(주)디리아,JOB,ETC,QA
(주)테르텐,JOB,WEB,서버 개발자
(주)테르텐,TECH,,C
(주)테르텐,TECH,,C++
(주)테르텐,TECH,,MFC
(주)테르텐,JOB,SECURITY,보안
(주)테르텐,TECH,,C
(주)테르텐,TECH,,C++
(주)테르텐,JOB,SECURITY,보안
(주)테르텐,TECH,,C
(주)테르텐,TECH,,C++
블록체인랩스(주),JOB,WEB,프론트엔드
블록체인랩스(주),TECH,,HTML
코넥시오에이치(주),TECH,,Docker
코넥시오에이치(주),TECH,,HTML
코넥시오에이치(주),TECH,,Python
코넥시오에이치(주),TECH,,Spring
코넥시오에이치(주),TECH,,MySQL
코넥시오에이치(주),TECH,,AWS
코넥시오에이치(주),TECH,,JavaScript
코넥시오에이치(주),JOB,WEB,DevOps
(주)매그파이소프트,JOB,WEB,서버 개발자
(주)매그파이소프트,JOB,WEB,프론트엔드
(주)매그파이소프트,TECH,,Java
(주)매그파이소프트,TECH,,Python
(주)매그파이소프트,TECH,,C#
(주)매그파이소프트,JOB,ETC,AI
(주)매그파이소프트,JOB,WEB,서버 개발자
(주)매그파이소프트,JOB,WEB,프론트엔드
(주)매그파이소프트,JOB,AI,인공지능 개발
(주)매그파이소프트,JOB,ASD,윈도우 프로그래밍
(주)매그파이소프트,TECH,,Java
(주)매그파이소프트,TECH,,Vue.js
(주)매그파이소프트,TECH,,Python
(주)매그파이소프트,TECH,,C#
(주)매그파이소프트,TECH,,Cesium.js
(주)아이퀘스트,JOB,WEB,서버 개발자
(주)아이퀘스트,JOB,WEB,프론트엔드
(주)에버정보기술,JOB,WEB,서버 개발자
(주)에버정보기술,JOB,EMBEDDED,임베디드 프로그래밍
아들러(주),JOB,WEB,프론트엔드
아들러(주),TECH,,React
아들러(주),TECH,,Next.js
아들러(주),JOB,WEB,서버 개발자
아들러(주),TECH,,SpringBoot
아들러(주),JOB,WEB,프론트엔드
아들러(주),TECH,,Three.js
아들러(주),JOB,WEB,풀스택
아들러(주),JOB,WEB,풀스택
(주)유비온,JOB,WEB,서버 개발자
(주)유비온,JOB,WEB,프론트엔드
(주)유비온,JOB,EMBEDDED,임베디드 프로그래밍
(주)유비온,JOB,AI,인공지능 개발
(주)탄소중립연구원,JOB,WEB,프론트엔드
(주)탄소중립연구원,TECH,,React
(주)탄소중립연구원,TECH,,ReactRedux
(주)탄소중립연구원,TECH,,JavaScript
(주)탄소중립연구원,TECH,,TypeScript
(주)탄소중립연구원,TECH,,Next.js
(주)탄소중립연구원,JOB,WEB,서버 개발자
(주)탄소중립연구원,JOB,WEB,프론트엔드
(주)탄소중립연구원,TECH,,React
(주)탄소중립연구원,TECH,,Node.js
(주)탄소중립연구원,TECH,,Nest.js
(주)탄소중립연구원,TECH,,Vue.js
(주)탄소중립연구원,JOB,WEB,서버 개발자
(주)탄소중립연구원,TECH,,Node.js
(주)탄소중립연구원,TECH,,JavaScript
(주)탄소중립연구원,TECH,,TypeScript
(주)탄소중립연구원,TECH,,TypeORM
(주)탄소중립연구원,TECH,,Nest.js
(주)탄소중립연구원,TECH,,Postgresql
(주)탄소중립연구원,TECH,,MongoDB
(주)탄소중립연구원,TECH,,AWS
(주)탄소중립연구원,TECH,,Redis
(주)탄소중립연구원,TECH,,MariaDB
(주)탄소중립연구원,TECH,,Prisma
(주)탄소중립연구원,TECH,,RDBMS
(주)탄소중립연구원,TECH,,NoSQL
(주)백스포트,JOB,WEB,프론트엔드
(주)백스포트,TECH,,SpringBoot
(주)백스포트,TECH,,Java
(주)백스포트,TECH,,MySQL
(주)백스포트,TECH,,AWS
(주)스피랩,JOB,EMBEDDED,임베디드 프로그래밍
(주)스피랩,JOB,AI,인공지능 개발
(주)스피랩,TECH,,C
(주)아리아텍,JOB,ASD,시스템 프로그래밍
(주)아리아텍,TECH,,C
(주)아리아텍,TECH,,C++
(주)아리아텍,TECH,,Linux
(주)청담러닝,JOB,WEB,서버 개발자
(주)청담러닝,JOB,WEB,프론트엔드
(주)청담러닝,JOB,APP,Android
(주)청담러닝,JOB,APP,iOS
(주)청담러닝,TECH,,React
(주)청담러닝,TECH,,ReactNative
(주)청담러닝,TECH,,Vue.js
(주)청담러닝,TECH,,Python
(주)청담러닝,TECH,,FastAPI
(주)두잇,JOB,WEB,서버 개발자
(주)두잇,JOB,WEB,프론트엔드
(주)두잇,TECH,,JavaScript
(주)에픽비긴즈,JOB,WEB,서버 개발자
(주)에픽비긴즈,JOB,WEB,프론트엔드
(주)에픽비긴즈,JOB,AI,인공지능 개발
(주)에픽비긴즈,TECH,,JavaScript
(주)벤디트,JOB,WEB,서버 개발자
(주)벤디트,JOB,WEB,프론트엔드
(주)벤디트,TECH,,React
(주)벤디트,TECH,,Node.js
(주)벤디트,TECH,,TypeScript
(주)벤디트,TECH,,Sequelize
(주)벤디트,TECH,,Kubernetes
(주)벤디트,TECH,,Docker
(주)벤디트,TECH,,AWS
(주)벤디트,TECH,,GraphQL
(주)벤디트,TECH,,Electron
(주)벤디트,TECH,,Redis
오후두시랩(주),JOB,WEB,서버 개발자
오후두시랩(주),JOB,WEB,프론트엔드
오후두시랩(주),JOB,APP,Android
오후두시랩(주),JOB,APP,iOS
오후두시랩(주),TECH,,JavaScript
(주)겟차,JOB,WEB,서버 개발자
(주)겟차,JOB,WEB,프론트엔드
(주)겟차,JOB,APP,iOS
(주)겟차,TECH,,SpringBoot
(주)겟차,TECH,,SpringSecurity
(주)겟차,TECH,,React
(주)겟차,TECH,,TypeScript
(주)겟차,TECH,,Swift
(주)겟차,TECH,,Objective-C
(주)겟차,TECH,,HTML
(주)겟차,TECH,,MySQL
(주)겟차,TECH,,AWS
(주)겟차,JOB,WEB,프론트엔드
(주)겟차,TECH,,React
(주)겟차,TECH,,TypeScript
(주)겟차,TECH,,HTML
(주)겟차,TECH,,CSS
(주)겟차,JOB,APP,iOS
(주)겟차,TECH,,Swift
(주)겟차,TECH,,Objective-C
(주)엑스제라,JOB,EMBEDDED,임베디드 프로그래밍
(주)엑스제라,JOB,EMBEDDED,임베디드 프로그래밍
(주)엑스제라,TECH,,C
(주)엑스제라,TECH,,C++
(주)엑스제라,TECH,,C#
(주)도구공간,JOB,WEB,서버 개발자
(주)도구공간,JOB,WEB,프론트엔드
(주)도구공간,JOB,EMBEDDED,임베디드 프로그래밍
(주)도구공간,TECH,,React
(주)도구공간,TECH,,Node.js
(주)도구공간,TECH,,JavaScript
(주)도구공간,TECH,,TypeScript
(주)도구공간,TECH,,Python
(주)도구공간,TECH,,Linux
(주)도구공간,TECH,,Git
(주)이퓨전아이,JOB,WEB,서버 개발자
(주)이퓨전아이,JOB,WEB,프론트엔드
(주)이퓨전아이,JOB,APP,Android
(주)이퓨전아이,JOB,APP,iOS
(주)이퓨전아이,TECH,,React
(주)이퓨전아이,TECH,,JavaScript
(주)이퓨전아이,TECH,,Java
(주)이퓨전아이,TECH,,Vue.js
(주)이퓨전아이,TECH,,C++
(주)이퓨전아이,JOB,WEB,서버 개발자
(주)이퓨전아이,JOB,WEB,프론트엔드
(주)이퓨전아이,JOB,APP,Android
(주)이퓨전아이,JOB,APP,iOS
(주)이퓨전아이,TECH,,React
(주)이퓨전아이,TECH,,JavaScript
(주)이퓨전아이,TECH,,Java
(주)이퓨전아이,TECH,,C++
(주)한컴인스페이스,JOB,WEB,서버 개발자
(주)한컴인스페이스,JOB,WEB,프론트엔드
(주)한컴인스페이스,TECH,,SpringBoot
(주)한컴인스페이스,TECH,,React
(주)한컴인스페이스,TECH,,Node.js
(주)한컴인스페이스,TECH,,JavaScript
(주)한컴인스페이스,TECH,,Express
(주)한컴인스페이스,TECH,,Java
(주)한컴인스페이스,TECH,,HTML
(주)한컴인스페이스,TECH,,CSS
(주)한컴인스페이스,TECH,,Vue.js
(주)한컴인스페이스,TECH,,Python
(주)한컴인스페이스,TECH,,Spring
(주)한컴인스페이스,TECH,,Jsp
(주)케이비아이,JOB,SECURITY,보안
(주)케이비아이,TECH,,SpringBoot
(주)에스아이에이,JOB,WEB,서버 개발자
(주)에스아이에이,JOB,WEB,프론트엔드
(주)에스아이에이,JOB,AI,인공지능 개발
(주)에스아이에이,TECH,,JavaScript
(주)에스아이에이,TECH,,Java
(주)에스아이에이,TECH,,HTML
(주)에스아이에이,TECH,,CSS
(주)에스아이에이,TECH,,Kotlin
(주)아이와즈,JOB,WEB,서버 개발자
(주)아이와즈,JOB,WEB,프론트엔드
(주)아이와즈,JOB,EMBEDDED,임베디드 프로그래밍
(주)아이와즈,JOB,AI,인공지능 개발
(주)아이와즈,TECH,,SpringBoot
(주)아이와즈,JOB,WEB,프론트엔드
(주)아이와즈,JOB,AI,인공지능 개발
(주)아이와즈,JOB,AI,빅데이터 분석
(주)아이와즈,JOB,WEB,서버 개발자
(주)아이와즈,JOB,WEB,프론트엔드
(주)아이와즈,JOB,AI,인공지능 개발
(주)아이와즈,TECH,,JavaScript
(주)두다지,JOB,WEB,서버 개발자
(주)두다지,JOB,WEB,프론트엔드
(주)두다지,JOB,AI,인공지능 개발
(주)두다지,TECH,,SpringBoot
(주)두다지,TECH,,Node.js
(주)두다지,TECH,,Java
(주)두다지,TECH,,Python
(주)두다지,JOB,WEB,DevOps
(주)두다지,TECH,,Kubernetes
(주)모니터랩,JOB,WEB,서버 개발자
(주)모니터랩,TECH,,Go
(주)모플,JOB,WEB,서버 개발자
(주)모플,JOB,AI,인공지능 개발
(주)모플,TECH,,Node.js
(주)모플,JOB,WEB,DevOps
(주)모플,TECH,,python
블루시그넘(주),JOB,WEB,서버 개발자
블루시그넘(주),JOB,WEB,프론트엔드
블루시그넘(주),JOB,APP,iOS
블루시그넘(주),TECH,,Swift
블루시그넘(주),TECH,,Flutter
블루시그넘(주),TECH,,Django
(주)바이브존,JOB,WEB,서버 개발자
(주)바이브존,TECH,,React
(주)바이브존,TECH,,Node.js
(주)바이브존,TECH,,JavaScript
(주)바이브존,TECH,,Java
(주)바이브존,TECH,,MySQL
(주)네이션에이,JOB,WEB,서버 개발자
(주)네이션에이,JOB,WEB,프론트엔드
(주)네이션에이,JOB,APP,Android
(주)네이션에이,JOB,APP,iOS
(주)네이션에이,JOB,EMBEDDED,임베디드 프로그래밍
(주)네이션에이,JOB,AI,인공지능 개발
(주)네이션에이,TECH,,React
(주)네이션에이,TECH,,Node.js
(주)네이션에이,TECH,,JavaScript
(주)네이션에이,TECH,,TypeScript
(주)네이션에이,TECH,,Java
(주)네이션에이,TECH,,HTML
(주)네이션에이,TECH,,CSS
(주)네이션에이,TECH,,Python
(주)네이션에이,TECH,,C#
(주)네이션에이,TECH,,.NET
(주)네이션에이,TECH,,MongoDB
(주)네이션에이,TECH,,AWS
(주)큐셀네트웍스,JOB,WEB,서버 개발자
(주)큐셀네트웍스,JOB,WEB,프론트엔드
(주)큐셀네트웍스,JOB,APP,Android
(주)큐셀네트웍스,JOB,APP,iOS
(주)큐셀네트웍스,JOB,EMBEDDED,임베디드 프로그래밍
(주)큐셀네트웍스,JOB,AI,인공지능 개발
(주)큐셀네트웍스,TECH,,SpringBoot
(주)큐셀네트웍스,TECH,,SpringSecurity
(주)큐셀네트웍스,TECH,,SpringBatch
(주)큐셀네트웍스,TECH,,SpringDataJpa
(주)큐셀네트웍스,TECH,,React
(주)큐셀네트웍스,TECH,,ReactNative
(주)큐셀네트웍스,TECH,,ReactHook
(주)큐셀네트웍스,TECH,,ReactRedux
(주)큐셀네트웍스,TECH,,Node.js
(주)큐셀네트웍스,TECH,,JavaScript
(주)큐셀네트웍스,TECH,,TypeScript
(주)큐셀네트웍스,TECH,,TypeORM
(주)큐셀네트웍스,TECH,,Express
(주)큐셀네트웍스,TECH,,Nest.js
(주)비에이치이브이에스,JOB,APP,Android
(주)비에이치이브이에스,TECH,,C
(주)비에이치이브이에스,TECH,,C++
(주)레드윗,JOB,WEB,서버 개발자
(주)레드윗,TECH,,Nest.js
(주)큐피스트,JOB,WEB,서버 개발자
(주)큐피스트,JOB,WEB,프론트엔드
(주)큐피스트,TECH,,React
(주)큐피스트,TECH,,AWS
(주)큐피스트,JOB,WEB,DevOps
(주)앤트,JOB,WEB,서버 개발자
(주)앤트,JOB,WEB,프론트엔드
(주)앤트,TECH,,React
(주)앤트,TECH,,Node.js
(주)앤트,TECH,,TypeScript
(주)앤트,TECH,,Express
(주)앤트,TECH,,Nest.js
(주)앤트,TECH,,styled-components
(주)앤트,TECH,,AWS
(주)앤트,TECH,,SCSS
(주)앤트,TECH,,Next.js
(주)더줌코리아,JOB,WEB,서버 개발자
(주)더줌코리아,TECH,,JavaScript
(주)더줌코리아,TECH,,Java
(주)더줌코리아,TECH,,HTML
(주)더줌코리아,TECH,,Spring
(주)더줌코리아,TECH,,MySQL
(주)더줌코리아,TECH,,JavaScript
(주)비컨,JOB,APP,iOS
(주)비컨,TECH,,Swift
(주)비컨,TECH,,Git
(주)비컨,JOB,APP,Android
(주)위피엔피,JOB,WEB,서버 개발자
(주)위피엔피,JOB,WEB,프론트엔드
(주)위피엔피,TECH,,SpringBoot
(주)위피엔피,JOB,WEB,서버 개발자
(주)위피엔피,JOB,WEB,프론트엔드
(주)위피엔피,TECH,,React
(주)위피엔피,TECH,,Node.js
(주)위피엔피,TECH,,MySQL
(주)위피엔피,TECH,,Linux
(주)위피엔피,TECH,,Next.js
(주)위피엔피,JOB,WEB,DevOps
(주)퀸라이브,JOB,WEB,프론트엔드
(주)퀸라이브,TECH,,React
(주)퀸라이브,TECH,,JavaScript
(주)라인텍,JOB,WEB,풀스택
(주)플립션코리아,JOB,WEB,프론트엔드
(주)플립션코리아,TECH,,React
(주)플립션코리아,JOB,WEB,DevOps
(주)플립션코리아,TECH,,RESTful API
(주)루센트블록,JOB,WEB,서버 개발자
(주)루센트블록,JOB,WEB,프론트엔드
(주)루센트블록,TECH,,React
(주)루센트블록,TECH,,Node.js
(주)루센트블록,TECH,,Java
(주)루센트블록,TECH,,C#
(주)루센트블록,TECH,,AWS
(주)루센트블록,JOB,WEB,DevOps
(주)루센트블록,TECH,,Flutter
(주)루센트블록,JOB,WEB,프론트엔드
(주)루센트블록,TECH,,React
(주)루센트블록,JOB,APP,Flutter
(주)루센트블록,JOB,WEB,서버 개발자
(주)루센트블록,TECH,,Node.js
(주)루센트블록,TECH,,Java
(주)루센트블록,TECH,,Python
(주)루센트블록,TECH,,C#
(주)루센트블록,TECH,,AWS
(주)루센트블록,JOB,WEB,DevOps
(주)루센트블록,TECH,,Terraform
(주)루센트블록,TECH,,k8s
(주)루센트블록,TECH,,pulumi
(주)루센트블록,JOB,WEB,서버 개발자
(주)루센트블록,TECH,,JavaScript
(주)루센트블록,TECH,,MySQL
(주)루센트블록,TECH,,MongoDB
(주)루센트블록,TECH,,AWS
(주)루센트블록,TECH,,Linux
(주)루센트블록,JOB,WEB,DevOps
(주)루센트블록,TECH,,Redis
(주)루센트블록,TECH,,Terraform
(주)루센트블록,TECH,,Git
(주)루센트블록,TECH,,k8s
(주)루센트블록,TECH,,pulumi
(주)칼리시,JOB,WEB,서버 개발자
(주)칼리시,JOB,WEB,프론트엔드
(주)칼리시,JOB,AI,인공지능 개발
(주)칼리시,TECH,,JavaScript
(주)제트에이아이,JOB,WEB,프론트엔드
(주)제트에이아이,TECH,,React
(주)제트에이아이,TECH,,TypeScript
(주)제트에이아이,TECH,,Nest.js
(주)링커리어,JOB,WEB,서버 개발자
(주)링커리어,JOB,WEB,프론트엔드
(주)링커리어,TECH,,React
(주)링커리어,TECH,,JavaScript
(주)링커리어,TECH,,TypeScript
(주)링커리어,TECH,,Nest.js
(주)링커리어,TECH,,HTML
(주)링커리어,TECH,,CSS
(주)링커리어,TECH,,Postgresql
(주)링커리어,TECH,,MySQL
(주)링커리어,TECH,,AWS
(주)링커리어,TECH,,RESTful API
(주)링커리어,TECH,,GraphQL
(주)두잇,JOB,WEB,서버 개발자
(주)두잇,JOB,WEB,프론트엔드
(주)두잇,JOB,APP,Android
(주)두잇,JOB,APP,iOS
(주)두잇,JOB,EMBEDDED,임베디드 프로그래밍
(주)두잇,JOB,AI,인공지능 개발
(주)두잇,TECH,,SpringBoot
(주)두잇,TECH,,React
(주)두잇,TECH,,ReactNative
(주)두잇,TECH,,Electron
(주)웨이블,JOB,WEB,서버 개발자
(주)웨이블,JOB,WEB,프론트엔드
(주)웨이블,JOB,APP,Android
(주)웨이블,JOB,APP,iOS
(주)웨이블,TECH,,React
(주)웨이블,TECH,,ReactNative
(주)웨이블,TECH,,Node.js
(주)웨이블,JOB,WEB,서버 개발자
(주)웨이블,JOB,WEB,프론트엔드
(주)웨이블,JOB,APP,Android
(주)웨이블,JOB,APP,iOS
(주)웨이블,TECH,,ReactNative
(주)웨이블,TECH,,Node.js
(주)웨이블,TECH,,React.js
(주)한백전자,JOB,EMBEDDED,임베디드 프로그래밍
(주)한백전자,JOB,AI,인공지능 개발
(주)한백전자,TECH,,Git
(주)제로엑스플로우,JOB,AI,인공지능 개발
(주)제로엑스플로우,TECH,,Git
비앤에프테크놀로지(주),JOB,WEB,서버 개발자
비앤에프테크놀로지(주),TECH,,SpringBoot
비앤에프테크놀로지(주),JOB,EMBEDDED,임베디드 시스템 프로그래밍
비앤에프테크놀로지(주),TECH,,C++
(주)컴퍼니랩,JOB,WEB,서버 개발자
(주)컴퍼니랩,JOB,WEB,프론트엔드
(주)컴퍼니랩,TECH,,React
(주)컴퍼니랩,TECH,,Node.js
(주)컴퍼니랩,TECH,,TypeScript
(주)컴퍼니랩,TECH,,Nest.js
(주)붐코커뮤니케이션,JOB,WEB,서버 개발자
(주)붐코커뮤니케이션,JOB,WEB,프론트엔드
(주)붐코커뮤니케이션,TECH,,React
(주)붐코커뮤니케이션,TECH,,Java
그라노팜(주),JOB,EMBEDDED,임베디드 프로그래밍
그라노팜(주),TECH,,React
그라노팜(주),TECH,,TypeScript
그라노팜(주),JOB,WEB,프론트엔드
그라노팜(주),TECH,,React
그라노팜(주),TECH,,TypeScript
(주)비즈테크아이,JOB,WEB,서버 개발자
(주)비즈테크아이,TECH,,Java
(주)비즈테크아이,JOB,WEB,서버 개발자
(주)비즈테크아이,JOB,WEB,프론트엔드
(주)비즈테크아이,TECH,,SpringBoot
(주)비즈테크아이,TECH,,React
(주)비즈테크아이,JOB,WEB,DevOps
(주)베스텔라랩,JOB,WEB,서버 개발자
(주)베스텔라랩,JOB,WEB,프론트엔드
(주)베스텔라랩,JOB,APP,Android
(주)베스텔라랩,JOB,APP,iOS
(주)베스텔라랩,JOB,SECURITY,보안
(주)베스텔라랩,JOB,AI,인공지능 개발
(주)베스텔라랩,TECH,,React
(주)베스텔라랩,TECH,,ReactNative
(주)베스텔라랩,TECH,,Swift
(주)베스텔라랩,TECH,,Java
(주)베스텔라랩,TECH,,Kotlin
(주)얼리슬로스,JOB,WEB,프론트엔드
(주)얼리슬로스,TECH,,React
(주)얼리슬로스,TECH,,styled-components
(주)얼리슬로스,TECH,,zustand
(주)얼리슬로스,TECH,,redux
(주)메타지,JOB,WEB,프론트엔드
(주)메타지,TECH,,AWS
(주)메타지,TECH,,Flutter
(주)메타지,TECH,,CloudFront
(주)메타지,JOB,WEB,서버 개발자
(주)메타지,TECH,,Node.js
(주)메타지,TECH,,TypeScript
(주)메타지,TECH,,AWS
(주)메타지,TECH,,Prisma
클레브레인(주),JOB,APP,Android
클레브레인(주),TECH,,Kotlin
(주)제이앤피메디,JOB,WEB,서버 개발자
(주)제이앤피메디,JOB,WEB,프론트엔드
(주)제이앤피메디,TECH,,React
(주)제이앤피메디,TECH,,Node.js
(주)제이앤피메디,TECH,,TypeScript
(주)제이앤피메디,TECH,,MySQL
(주)제이앤피메디,TECH,,AWS
(주)제이앤피메디,JOB,WEB,서버 개발자
(주)제이앤피메디,JOB,WEB,프론트엔드
(주)제이앤피메디,TECH,,React
(주)제이앤피메디,TECH,,Node.js
(주)제이앤피메디,TECH,,JavaScript
(주)제이앤피메디,TECH,,TypeScript
(주)제이앤피메디,TECH,,MySQL
(주)제이앤피메디,TECH,,AWS
(주)제이앤피메디,TECH,,SCSS
(주)인투와이즈,JOB,SECURITY,보안
(주)인투와이즈,JOB,AI,인공지능 개발
(주)인투와이즈,TECH,,Python
(주)인투와이즈,TECH,,PyTorch
(주)인투와이즈,JOB,WEB,서버 개발자
(주)인투와이즈,JOB,WEB,프론트엔드
(주)인투와이즈,TECH,,React
(주)인투와이즈,TECH,,Python
(주)인투와이즈,TECH,,Spring
(주)인투와이즈,JOB,WEB,DevOps
(주)인포웍스,JOB,EMBEDDED,임베디드 프로그래밍
(주)인포웍스,TECH,,Java
(주)인포웍스,TECH,,C
(주)인포웍스,TECH,,C++
(주)인포웍스,TECH,,C#
(주)알티스트,JOB,EMBEDDED,임베디드 프로그래밍
(주)알티스트,JOB,EMBEDDED,임베디드 프로그래밍
(주)알티스트,JOB,EMBEDDED,임베디드 프로그래밍
텔레픽스(주),JOB,WEB,서버 개발자
텔레픽스(주),TECH,,Python
텔레픽스(주),TECH,,FastAPI
텔레픽스(주),TECH,,Django
텔레픽스(주),JOB,WEB,프론트엔드
텔레픽스(주),TECH,,React
텔레픽스(주),TECH,,JavaScript
텔레픽스(주),TECH,,HTML
텔레픽스(주),TECH,,CSS
텔레픽스(주),TECH,,Next.js
텔레픽스(주),JOB,WEB,서버 개발자
텔레픽스(주),JOB,WEB,프론트엔드
텔레픽스(주),JOB,EMBEDDED,임베디드 프로그래밍
텔레픽스(주),JOB,AI,인공지능 개발
텔레픽스(주),TECH,,React
텔레픽스(주),TECH,,JavaScript
텔레픽스(주),TECH,,TypeScript
텔레픽스(주),TECH,,Nest.js
텔레픽스(주),TECH,,HTML
텔레픽스(주),TECH,,CSS
텔레픽스(주),TECH,,styled-components
텔레픽스(주),TECH,,emotion
텔레픽스(주),TECH,,zustand
텔레픽스(주),TECH,,recoil
텔레픽스(주),TECH,,Python
텔레픽스(주),TECH,,Next.js
텔레픽스(주),TECH,,FastAPI
텔레픽스(주),TECH,,Django
(주)세이프닥,JOB,WEB,프론트엔드
(주)세이프닥,TECH,,Node.js
(주)세이프닥,JOB,WEB,서버 개발자
(주)세이프닥,JOB,WEB,프론트엔드
(주)세이프닥,TECH,,SpringBoot
(주)세이프닥,TECH,,SpringSecurity
(주)세이프닥,TECH,,React
(주)세이프닥,TECH,,Java
(주)세이프닥,TECH,,MongoDB
(주)세이프닥,TECH,,Kotlin
(주)세이프닥,TECH,,Gradle
(주)세이프닥,TECH,,SpringCloud
(주)세이프닥,TECH,,komoran
(주)세이프닥,TECH,,jjwt
(주)세이프닥,TECH,,swagger
(주)라라콤퓨타,JOB,WEB,서버 개발자
(주)라라콤퓨타,JOB,WEB,프론트엔드
(주)라라콤퓨타,JOB,SECURITY,보안
(주)라라콤퓨타,JOB,WEB,DevOps
(주)라라콤퓨타,JOB,WEB,서버 개발자
(주)라라콤퓨타,JOB,WEB,프론트엔드
(주)라라콤퓨타,TECH,,React
(주)라라콤퓨타,TECH,,JavaScript
(주)라라콤퓨타,TECH,,HTML
(주)라라콤퓨타,TECH,,CSS
(주)라라콤퓨타,TECH,,AWS
(주)라라콤퓨타,JOB,WEB,DevOps
(주)라라콤퓨타,TECH,,Github
(주)라라콤퓨타,TECH,,RDBMS
(주)라라콤퓨타,TECH,,No-SQL
에버엑스(주),JOB,AI,인공지능 개발
에버엑스(주),TECH,,Docker
에버엑스(주),TECH,,Python
에버엑스(주),TECH,,FastAPI
에버엑스(주),TECH,,PyTorch
에버엑스(주),TECH,,Tensorflow
에버엑스(주),TECH,,OpenCV
(주)자이솜,JOB,WEB,풀스택
(주)수산아이앤티,JOB,WEB,풀스택
(주)수산아이앤티,TECH,,Python
(주)수산아이앤티,TECH,,C
(주)수산아이앤티,TECH,,C++
(주)수산아이앤티,TECH,,Go
(주)수산아이앤티,TECH,,Rust
(주)컨샐러드,JOB,WEB,서버 개발자
(주)컨샐러드,JOB,WEB,프론트엔드
(주)컨샐러드,JOB,WEB,DevOps
(주)컨샐러드,JOB,WEB,서버 개발자
(주)컨샐러드,JOB,GAME,게임 프론트
(주)컨샐러드,JOB,GAME,게임 기획
치즈에이드(주),JOB,WEB,프론트엔드
치즈에이드(주),JOB,WEB,프론트엔드
캐시닥(주),JOB,WEB,서버 개발자
캐시닥(주),TECH,,JavaScript
캐시닥(주),TECH,,Express
캐시닥(주),TECH,,Nest.js
캐시닥(주),TECH,,AWS
캐시닥(주),TECH,,Redis
캐시닥(주),TECH,,dynamodb
캐시닥(주),JOB,WEB,서버 개발자
캐시닥(주),JOB,WEB,프론트엔드
캐시닥(주),TECH,,JavaScript
캐시닥(주),TECH,,Express
캐시닥(주),TECH,,Nest.js
캐시닥(주),TECH,,AWS
캐시닥(주),TECH,,Redis
캐시닥(주),TECH,,dynamodb
(주)더에스,JOB,EMBEDDED,임베디드 프로그래밍
(주)더에스,JOB,EMBEDDED,임베디드 시스템 프로그래밍
(주)디아비전,JOB,APP,iOS
(주)디아비전,TECH,,Node.js
(주)디아비전,TECH,,Swift
(주)디아비전,TECH,,MySQL
(주)디아비전,JOB,APP,Android
(주)디아비전,JOB,APP,iOS
(주)디아비전,TECH,,Node.js
(주)디아비전,TECH,,Swift
(주)디아비전,TECH,,MySQL
(주)디아비전,TECH,,Kotlin
(주)디아비전,TECH,,Git
(주)디아비전,TECH,,Github
(주)오버레이,JOB,GAME,게임 서버
(주)오버레이,JOB,GAME,게임 기획
(주)오버레이,TECH,,Unity 엔진
씨그로(주),JOB,WEB,서버 개발자
씨그로(주),TECH,,Python
씨그로(주),TECH,,FastAPI
(주)포켓컴퍼니,JOB,WEB,프론트엔드
(주)포켓컴퍼니,JOB,WEB,서버 개발자
(주)포켓컴퍼니,TECH,,Express
(주)포켓컴퍼니,JOB,APP,iOS
(주)포켓컴퍼니,JOB,APP,Android
(주)포켓컴퍼니,JOB,ETC,PM
(주)포켓컴퍼니,JOB,ETC,UI/UX 디자인
(주)미니멈스튜디오,JOB,GAME,게임 프론트
(주)미니멈스튜디오,JOB,AI,인공지능 개발
(주)미니멈스튜디오,TECH,,C#
(주)미니멈스튜디오,TECH,,Unity 엔진
(주)피노텍,JOB,WEB,서버 개발자
(주)피노텍,JOB,WEB,프론트엔드
(주)아우름플래닛,JOB,WEB,서버 개발자
(주)아우름플래닛,JOB,WEB,프론트엔드
(주)아우름플래닛,JOB,AI,인공지능 개발
(주)온더시스,JOB,SECURITY,보안
(주)온더시스,JOB,WEB,DevOps
(주)나인와트,JOB,WEB,서버 개발자
(주)나인와트,JOB,WEB,프론트엔드
(주)나인와트,TECH,,React
(주)나인와트,TECH,,JavaScript
(주)나인와트,TECH,,Java
(주)나인와트,TECH,,Python
(주)나인와트,TECH,,Django
비웨이브(주),JOB,APP,iOS
오누이,JOB,WEB,프론트엔드
오누이,TECH,,React
오누이,TECH,,TypeScript
오누이,TECH,,Vue.js
오누이,TECH,,zustand
오누이,TECH,,AWS
오누이,TECH,,Next.js
오누이,TECH,,Flutter
오누이,TECH,,GraphQL
오누이,TECH,,Vitest
오누이,TECH,,Jest
오누이,TECH,,testing-library
오누이,TECH,,vercel
오누이,TECH,,webRTC
오누이,TECH,,rpc
오누이,TECH,,pubsub
오누이,TECH,,Angular
오누이,TECH,,Svelte
오누이,TECH,,Zotai
(주)세이프에이아이,JOB,WEB,서버 개발자
(주)세이프에이아이,JOB,WEB,프론트엔드
(주)디플에이치알,JOB,WEB,서버 개발자
(주)디플에이치알,JOB,WEB,프론트엔드
(주)디플에이치알,TECH,,SpringBoot
(주)디플에이치알,TECH,,React
(주)디플에이치알,TECH,,TypeScript
(주)디플에이치알,TECH,,Java
(주)디플에이치알,TECH,,emotion
(주)디플에이치알,TECH,,zustand
(주)디플에이치알,TECH,,MySQL
(주)디플에이치알,TECH,,Next.js
(주)디플에이치알,TECH,,Redis
(주)디플에이치알,TECH,,Jest
(주)디플에이치알,TECH,,TanStack Query
(주)디플에이치알,TECH,,playwright
(주)디플에이치알,TECH,,Gradle
올제텍(주),JOB,EMBEDDED,임베디드 프로그래밍
(주)넥센서,TECH,,C++
(주)넥센서,TECH,,C#
(주)넥센서,TECH,,MFC
(주)넥센서,JOB,ETC,영상/신호 처리 및 모션 제어
팬마음,JOB,WEB,서버 개발자
팬마음,JOB,WEB,프론트엔드
쓰리알이노베이션(주),JOB,WEB,서버 개발자
쓰리알이노베이션(주),JOB,WEB,프론트엔드
쓰리알이노베이션(주),TECH,,React
쓰리알이노베이션(주),TECH,,JavaScript
쓰리알이노베이션(주),TECH,,Spring
쓰리알이노베이션(주),TECH,,Kotlin
(주)제로엑스앤드코리아,JOB,WEB,서버 개발자
(주)제로엑스앤드코리아,JOB,WEB,프론트엔드
(주)제로엑스앤드코리아,JOB,GAME,게임 프론트
(주)제로엑스앤드코리아,JOB,WEB,DevOps
올거나이즈코리아(주),JOB,WEB,프론트엔드
올거나이즈코리아(주),TECH,,JavaScript
올거나이즈코리아(주),TECH,,TypeScript
올거나이즈코리아(주),TECH,,HTML
올거나이즈코리아(주),TECH,,CSS
올거나이즈코리아(주),TECH,,Babel
올거나이즈코리아(주),TECH,,Webpack
올거나이즈코리아(주),TECH,,GraphQL
올거나이즈코리아(주),TECH,,ReactJS
올거나이즈코리아(주),TECH,,Redux.js
올거나이즈코리아(주),JOB,WEB,서버 개발자
올거나이즈코리아(주),TECH,,Docker
올거나이즈코리아(주),TECH,,Python
올거나이즈코리아(주),TECH,,Django
올거나이즈코리아(주),TECH,,Keras
올거나이즈코리아(주),TECH,,Docker
올거나이즈코리아(주),TECH,,Python
올거나이즈코리아(주),JOB,WEB,DevOps
올거나이즈코리아(주),TECH,,Nginx
올거나이즈코리아(주),TECH,,Python
올거나이즈코리아(주),TECH,,PyTorch
올거나이즈코리아(주),TECH,,Tensorflow
올거나이즈코리아(주),JOB,ETC,AI
올거나이즈코리아(주),TECH,,NLP
(주)클래스101,JOB,WEB,서버 개발자
(주)클래스101,TECH,,Java
(주)클래스101,TECH,,Spring
(주)클래스101,JOB,WEB,프론트엔드
(주)클래스101,TECH,,React
(주)클래스101,TECH,,ReactNative
(주)클래스101,TECH,,TypeScript
(주)클래스101,TECH,,Mobx
(주)클래스101,TECH,,Apollo
프로그라운드 (주),JOB,WEB,서버 개발자
(주)핀다,JOB,WEB,서버 개발자
(주)핀다,JOB,WEB,프론트엔드
(주)핀다,TECH,,SpringBoot
(주)핀다,TECH,,TypeScript
(주)핀다,TECH,,Java
(주)핀다,TECH,,redux
(주)핀다,TECH,,MySQL
(주)핀다,TECH,,MongoDB
(주)핀다,TECH,,Kotlin
(주)핀다,TECH,,Next.js
(주)핀다,TECH,,Redis
(주)핀다,TECH,,JPA
(주)핀다,TECH,,QueryDSL
(주)핀다,TECH,,Kafka
(주)핀다,TECH,,yarn
(주)핀다,TECH,,TurboRepo
(주)핀다,TECH,,Tailwindcss
(주)슈퍼러닝,JOB,WEB,서버 개발자
(주)슈퍼러닝,JOB,WEB,프론트엔드
(주)슈퍼러닝,TECH,,React
(주)슈퍼러닝,TECH,,Java
(주)인포시즈,JOB,WEB,서버 개발자
(주)인포시즈,JOB,WEB,프론트엔드
(주)인포시즈,JOB,AI,인공지능 개발
(주)인포시즈,TECH,,React
(주)인포시즈,TECH,,Node.js
(주)인포시즈,TECH,,JavaScript
(주)인포시즈,TECH,,TypeScript
(주)인포시즈,TECH,,Nest.js
(주)인포시즈,TECH,,Kubernetes
(주)인포시즈,TECH,,Docker
(주)인포시즈,TECH,,HTML
(주)인포시즈,TECH,,CSS
(주)인포시즈,TECH,,redux
(주)인포시즈,TECH,,Python
(주)인포시즈,TECH,,Next.js
(주)인포시즈,TECH,,RESTful API
(주)인포시즈,TECH,,GraphQL
(주)인포시즈,TECH,,JSON
(주)인포시즈,TECH,,JupyterNotebook
(주)트리거스,JOB,WEB,서버 개발자
(주)트리거스,TECH,,JavaScript
(주)트리거스,TECH,,TypeScript
(주)트리거스,TECH,,TypeORM
(주)트리거스,TECH,,Express
(주)트리거스,TECH,,Docker
(주)트리거스,TECH,,MySQL
(주)트리거스,TECH,,MongoDB
(주)트리거스,TECH,,Next.js
(주)트리거스,TECH,,Redis
(주)트리거스,TECH,,Prisma
(주)트리거스,TECH,,Eslint
(주)트리거스,TECH,,Prettier
(주)트리거스,JOB,WEB,프론트엔드
(주)트리거스,TECH,,JavaScript
(주)트리거스,TECH,,TypeScript
(주)트리거스,TECH,,Next.js
(주)트리거스,TECH,,Prisma
(주)트리거스,TECH,,Eslint
(주)트리거스,TECH,,Prettier
(주)트리거스,TECH,,React-Query
(주)트리거스,TECH,,Vercel(ci/cd)
(주)트리거스,TECH,,Github-action
(주)하이딥,JOB,WEB,서버 개발자
(주)하이딥,JOB,APP,Android
(주)하이딥,TECH,,JavaScript
(주)하이딥,TECH,,Java
(주)하이딥,TECH,,C++
(주)하이딥,JOB,EMBEDDED,임베디드 프로그래밍
(주)메이코더스,JOB,WEB,서버 개발자
(주)메이코더스,JOB,WEB,프론트엔드
(주)위플로,JOB,WEB,서버 개발자
(주)위플로,JOB,WEB,프론트엔드
(주)위플로,JOB,EMBEDDED,임베디드 프로그래밍
(주)에이슨,JOB,APP,Android
(주)에이슨,JOB,APP,iOS
(주)에이슨,JOB,SECURITY,보안
(주)에이슨,JOB,EMBEDDED,임베디드 프로그래밍
(주)에이슨,TECH,,C
(주)에이슨,TECH,,Kotlin
(주)에이슨,TECH,,Git
(주)에이슨,TECH,,Jetpack Compose
(주)에이슨,TECH,,Jira
(주)에이슨,TECH,,ARM Core
(주)휴먼젠,JOB,WEB,서버 개발자
(주)휴먼젠,JOB,WEB,프론트엔드
(주)휴먼젠,JOB,APP,Android
(주)휴먼젠,JOB,EMBEDDED,임베디드 프로그래밍
(주)휴먼젠,JOB,ETC,AI
(주)딥오토,JOB,WEB,프론트엔드
(주)딥오토,TECH,,React
(주)딥오토,TECH,,Nest.js
(주)딥오토,JOB,ETC,AI
(주)브랜치앤바운드,JOB,WEB,서버 개발자
(주)브랜치앤바운드,JOB,WEB,프론트엔드
(주)브랜치앤바운드,JOB,AI,인공지능 개발
(주)브랜치앤바운드,TECH,,React
(주)브랜치앤바운드,TECH,,TypeScript
(주)브랜치앤바운드,TECH,,zustand
(주)브랜치앤바운드,TECH,,MySQL
(주)브랜치앤바운드,TECH,,Vite
(주)브랜치앤바운드,JOB,WEB,DevOps
(주)브랜치앤바운드,TECH,,Django
(주)브랜치앤바운드,TECH,,React-Query
(주)브랜치앤바운드,TECH,,mui
(주)브랜치앤바운드,TECH,,Django-channels
(주)브랜치앤바운드,TECH,,celery
사이오닉에이아이(주),JOB,WEB,서버 개발자
사이오닉에이아이(주),JOB,WEB,프론트엔드
사이오닉에이아이(주),JOB,AI,인공지능 개발
사이오닉에이아이(주),TECH,,React
사이오닉에이아이(주),TECH,,Node.js
사이오닉에이아이(주),TECH,,Python
사이오닉에이아이(주),TECH,,Next.js
사이오닉에이아이(주),JOB,WEB,DevOps
사이오닉에이아이(주),TECH,,vercel
사이오닉에이아이(주),TECH,,CI
사이오닉에이아이(주),TECH,,CI Cluster
(주)엔젤스윙,JOB,WEB,서버 개발자
(주)엔젤스윙,JOB,WEB,프론트엔드
(주)엔젤스윙,TECH,,React
(주)엔젤스윙,TECH,,TypeScript
(주)엔젤스윙,TECH,,Python
(주)엔젤스윙,TECH,,React Query
(주)엔젤스윙,TECH,,Ruby on rails
(주)파스토,JOB,WEB,서버 개발자
(주)파스토,TECH,,JavaScript
(주)아임웹,JOB,WEB,서버 개발자
(주)아임웹,JOB,WEB,프론트엔드
(주)아임웹,TECH,,Node.js
(주)아임웹,TECH,,TypeScript
(주)아임웹,TECH,,Nest.js
(주)아임웹,TECH,,nest.js Framework
(주)아임웹,TECH,,SQL 기초
(주)아임웹,TECH,,React.js
레아(주),JOB,WEB,서버 개발자
레아(주),TECH,,Java
레아(주),TECH,,C++
레아(주),TECH,,C#
레아(주),TECH,,MFC
(주)마크애니,TECH,,Python
(주)마크애니,TECH,,C++
(주)마크애니,JOB,ETC,AI
(주)매드업,JOB,WEB,서버 개발자
(주)매드업,TECH,,Java
(주)매드업,TECH,,Python
(주)매드업,TECH,,C
(주)매드업,TECH,,C++
아하앤컴퍼니(주),JOB,WEB,서버 개발자
아하앤컴퍼니(주),JOB,WEB,프론트엔드
아하앤컴퍼니(주),TECH,,React
아하앤컴퍼니(주),TECH,,Docker
아하앤컴퍼니(주),TECH,,Linux
아하앤컴퍼니(주),TECH,,Git
(주)알파비트,JOB,WEB,서버 개발자
(주)알파비트,JOB,WEB,프론트엔드
(주)알파비트,TECH,,SpringBoot
(주)알파비트,TECH,,Java
래빗홀컴퍼니(주),JOB,WEB,프론트엔드
래빗홀컴퍼니(주),TECH,,Unity 엔진
(주)와에이아이,JOB,WEB,프론트엔드
(주)와에이아이,JOB,EMBEDDED,임베디드 시스템 프로그래밍
(주)와에이아이,JOB,AI,인공지능 개발
(주)모바,JOB,WEB,서버 개발자
(주)모바,TECH,,Node.js
(주)모바,TECH,,TypeScript
(주)모바,TECH,,Nest.js
(주)모바,TECH,,AWS
(주)모바,TECH,,AWS lambda
(주)모바,TECH,,dynamodb
(주)모바,TECH,,Expree.js
(주)모바,TECH,,GCP
(주)아이티유,JOB,WEB,서버 개발자
(주)아이티유,JOB,WEB,프론트엔드
(주)아이티유,JOB,APP,Android
(주)아이티유,TECH,,React
(주)아이티유,TECH,,JavaScript
(주)아이티유,TECH,,Java
(주)아이티유,TECH,,HTML
(주)아이티유,TECH,,CSS
(주)아이티유,TECH,,Python
(주)아이티유,TECH,,UI
(주)아이티유,TECH,,UX Bootstrap
가온플랫폼(주),JOB,AI,인공지능 개발
가온플랫폼(주),TECH,,C
가온플랫폼(주),JOB,ETC,AI
(주)유투에스알,JOB,APP,Android
(주)유투에스알,TECH,,Python
(주)유투에스알,TECH,,C
(주)유투에스알,TECH,,C++
(주)유투에스알,TECH,,C#
(주)유투에스알,JOB,ETC,AI
(주)드래프티파이,JOB,WEB,프론트엔드
(주)드래프티파이,TECH,,Vue.js
(주)드래프티파이,JOB,APP,Flutter
마이닷(주),JOB,WEB,서버 개발자
마이닷(주),JOB,WEB,프론트엔드
마이닷(주),JOB,AI,빅데이터 분석
마이닷(주),TECH,,React
마이닷(주),TECH,,Vue.js
마이닷(주),TECH,,Python
마이닷(주),TECH,,PyTorch
마이닷(주),JOB,AI,MLOps
마이닷(주),TECH,,Tensorflow
(주)모던텍,JOB,EMBEDDED,임베디드 프로그래밍
(주)모던텍,TECH,,Python
(주)모던텍,TECH,,C
(주)모던텍,TECH,,C++
(주)한국신용데이터,JOB,WEB,서버 개발자
(주)한국신용데이터,JOB,WEB,프론트엔드
(주)한국신용데이터,TECH,,React
(주)한국신용데이터,TECH,,TypeScript
(주)한국신용데이터,TECH,,Java
(주)한국신용데이터,TECH,,Kotlin
(주)한국신용데이터,TECH,,spring framework
주식회사 더스팟,JOB,SECURITY,보안
주식회사 더스팟,TECH,,Python
주식회사 더스팟,TECH,,C
주식회사 하이지노,JOB,WEB,서버 개발자
주식회사 하이지노,JOB,WEB,프론트엔드
주식회사 하이지노,JOB,WEB,풀스택
주식회사 하이지노,JOB,ETC,AI
주식회사 하이지노,TECH,,MES
주식회사 하이지노,TECH,,AI Method 
주식회사 하이지노,TECH,,loT
주식회사 하이지노,TECH,,SaaS Soululution
